{
    "pageContent": {
      "heading": "Knowledge check 02",
      "question": "Which statements are true of a portfolio of work?",
      "type" : "SC",
      "maxAttempt": 3,
      "choice": [
          {
              "option": "a. Portfolios of work are always managed by the project organization.",
              "feedback": "INCORRECT",
              "correct": "false"
          },
          {
              "option": "b. A portfolio can be thought of as a view of the projects in the context of driving business goals.",
              "feedback": "CORRECT",
              "correct": "true"
          },
          {
              "option": "c. Projects inside a portfolio are usually subject to a profit-and-loss plan.",
              "feedback": "INCORRECT",
              "correct": "false"
          },
          {
              "option": "d. If a project is part of a portfolio of work, it is not tied to the company’s mission.",
              "feedback": "INCORRECT",
              "correct": "false"
          }
      ],
      "imagePreloadArry" : []
     }
  }