{
    "pageContent": {
      "content": "<p>Decide whether each statement below is a \"Goal\" or \"mission\"</p>",	
      "heading": "Drop Down List - DD-008",
      "maxAttempt": 1,
      "textToLoad": [
              {
                  "Question": "<span>1.</span> A manufacturing organization focused on product development and production, ",
                   "Options":[
                              {
                              "Values":"Project-Based",
                              "Answer":"This describes a functional organization where resources are organized into departments according to service or specialty (e.g., finance, human resources, IT, marketing, etc.). Projects are usually launched within a department, and resources are directly accountable to their functional manager.",
                              "correct": "false"
                              },
                              {
                              "Values":"Functional",
                              "Answer":"Correct! In a functional organization, resources are organized into departments according to service or specialty (e.g., finance, human resources, IT, marketing, etc.). Projects are usually launched within a department, and resources are directly accountable to their functional manager.",
                              "correct": "true"
                              },
                              {
                              "Values":"Matrix",
                              "Answer":"This describes a functional organization where resources are organized into departments according to service or specialty (e.g., finance, human resources, IT, marketing, etc.). Projects are usually launched within a department, and resources are directly accountable to their functional manager.",
                              "correct": "false"
                              }
                            ]
  
              },
              {
                  "Question": "<span>2.</span> A company producing both goods and services for its customers",
                  "Options":[
                              {
                              "Values":"Project-Based",
                              "Answer":"This describes a matrix organization where resources from different departments are allocated to projects as needed in addition to their daily functional work.",
                              "correct": "false"
                              },
                              {
                              "Values":"Functional",
                              "Answer":"This describes a matrix organization where resources from different departments are allocated to projects as needed in addition to their daily functional work.",
                              "correct": "false"
                              },
                              {
                              "Values":"Matrix",
                              "Answer":"Correct! This describes a matrix organization where resources from different departments are allocated to projects as needed in addition to their daily functional work.",
                              "correct": "true"
                              }
                            ]
  
              },
              {
                  "Question": "<span>3.</span> A company providing consulting services to the food-service industry",
                  "Options":[
                              {
                              "Values":"Project-Based",
                              "Answer":"Correct! This describes a project-based organization where project teams are assembled with appropriate expertise from a resource pool. The project manager is ultimately accountable for the project and has authority over resource allocation and other project logistics.",
                              "correct": "true"
                              },
                              {
                              "Values":"Functional",
                              "Answer":"This describes a project-based organization where project teams are assembled with appropriate expertise from a resource pool. The project manager is ultimately accountable for the project and has authority over resource allocation and other project logistics.",
                              "correct": "false"
                              },
                              {
                              "Values":"Matrix",
                              "Answer":"This describes a project-based organization where project teams are assembled with appropriate expertise from a resource pool. The project manager is ultimately accountable for the project and has authority over resource allocation and other project logistics.",
                              "correct": "false"
                              }
                            ]
  
              }
              
              
              ],
      "imagePreloadArry" : []
      
     }
  }