{
	"glossary": [
		{
			"alphabet": "A",
			"alphabetContent": [
				{
					"menu" : "ANSI",
					"content" : "The American National Standards Institute"
				},
				{
					"menu" : "ASME",
					"content" : "The American Society of Mechanical Engineers"
				}
			
			]
		},
		{
			"alphabet": "B",
			"alphabetContent": []
		},
		{
			"alphabet": "C",
			"alphabetContent": [
				{
					"menu" : "CPHEEO",
					"content" : "Central Public Health and Environmental Engineering Organization"
				}
			]
		},
		{
			"alphabet": "D",
			"alphabetContent": [
				{
					"menu" : "DWQMS",
					"content" : "Drinking Water Quality Management System "
				}
			]
		},
		{
			"alphabet": "E",
			"alphabetContent": []
		},
		{
			"alphabet": "F",
			"alphabetContent": []
		},
		{
			"alphabet": "G",
			"alphabetContent": []
		},
		{
			"alphabet": "H",
			"alphabetContent": [
				{
					"menu" : "HAZOP",
					"content" : "HAZard and Operability"
				}
			]
		},
		{
			"alphabet": "I",
			"alphabetContent": [
				{
					"menu" : "ISA",
					"content" : "The Instrumentation, Systems and Automation Society"
				},
				{
					"menu" : "IOCS",
					"content" : "Inorganic Compounds"
				}
			]
		},
		{
			"alphabet": "J",
			"alphabetContent": []
		},
		{
			"alphabet": "K",
			"alphabetContent": []
		},
		{
			"alphabet": "L",
			"alphabetContent": [
				{
					"menu" : "L&T",
					"content" : "Larsen and Toubro"
				}
			]
		},
		{
			"alphabet": "M",
			"alphabetContent": []
		},
		{
			"alphabet": "N",
			"alphabetContent": [
				{
					"menu" : "NOM",
					"content" : "Natural Organic Matter "
				}
			]
		},
		{
			"alphabet": "O",
			"alphabetContent": [
				{
					"menu" : "OSHA",
					"content" : "Occupational Safety and Health Administration   "
				}
			]
		},
		{
			"alphabet": "P",
			"alphabetContent": [
				{
					"menu" : "PHA",
					"content" : "Process Hazard Analysis"
				}
			]
		},
		{
			"alphabet": "Q",
			"alphabetContent": [
				{
					"menu" : "QA",
					"content" : "Quality Assurance"
				},
				{
					"menu" : "QC",
					"content" : "Quality Control"
				}
			
			]
		},
		{
			"alphabet": "R",
			"alphabetContent": []
		},

		{
			"alphabet": "S",
			"alphabetContent": [
				{
					"menu" : "SOCs",
					"content" : "Synthetic Organic Compounds "
				}
			]
		},
		{
			"alphabet": "T",
			"alphabetContent": []
		},
		{
			"alphabet": "U",
			"alphabetContent": []
		},
		{
			"alphabet": "V",
			"alphabetContent": []
		},
		{
			"alphabet": "W",
			"alphabetContent": [
				{
					"menu" : "WS&D BU",
					"content" : "Water Supply and Distribution Business Unit"
				}
			]
		},
		{
			"alphabet": "X",
			"alphabetContent": []
		},
		{
			"alphabet": "Y",
			"alphabetContent": []
		},
		{
			"alphabet": "z",
			"alphabetContent": []
		}
	]
}