{
    "pageContent": {
        "heading": "Page 1",
        "select_boxes" : [
            {
                "image": "pic5.png",
                "text": "<p> Lorem ipsum dolor sit amet, consectetur adipiscing elit. Cras in lacus scelerisque, laoreet metus in, viverra risus. Nunc porttitor interdum libero, quis consequat nisl placerat at. Fusce tempor magna vulputate augue rhoncus, eget varius felis commodo. Donec venenatis neque eu libero pretium ultricies. Sed eu nisl euismod tortor finibus posuere id ac augue.</p>"
            },
            {
                "image": "center_image.png",
                "text": "<p> Lorem ipsum dolor sit amet, consectetur adipiscing elit. Cras in lacus scelerisque, laoreet metus in, viverra risus. Nunc porttitor interdum libero, quis consequat nisl placerat at. Fusce tempor magna vulputate augue rhoncus, eget varius felis commodo. Donec venenatis neque eu libero pretium ultricies. Sed eu nisl euismod tortor finibus posuere id ac augue.</p>"
            },
            {
                "image": "pic4.png",
                "text": "<p> Lorem ipsum dolor sit amet, consectetur adipiscing elit. Cras in lacus scelerisque, laoreet metus in, viverra risus. Nunc porttitor interdum libero, quis consequat nisl placerat at. Fusce tempor magna vulputate augue rhoncus, eget varius felis commodo. Donec venenatis neque eu libero pretium ultricies. Sed eu nisl euismod tortor finibus posuere id ac augue.</p>"
            }
        ],
		"imagePreloadArry" : ["pic5.png, center_image.png, pic4.png"]
    }
}