{
    "pageContent": {
      "heading": "Knowledge check 03",
      "question": "Which statements are true of a portfolio of work?",
      "type" : "TF",
      "maxAttempt": 1,
      "choice": [
          {
              "option": "TRUE",
              "feedback": "INCORRECT",
              "correct": "false"
          },
          {
              "option": "FALSE",
              "feedback": "CORRECT",
              "correct": "true"
          }
      ],
      "imagePreloadArry" : []
     }
  }