{
    "pageContent": {
        "heading": "Page 1",
        "txt_img_direction": "left - right",
        "txt_container": {
            "content" : "Lorem ipsum dolor sit amet, consectetur adipiscing elit. Cras in lacus scelerisque, laoreet metus in, viverra risus. Nunc porttitor interdum libero, quis consequat nisl placerat at. Fusce tempor magna vulputate augue rhoncus, eget varius felis commodo. Donec venenatis neque eu libero pretium ultricies. Sed eu nisl euismod tortor finibus posuere id ac augue. Etiam lobortis blandit urna non suscipit. Pellentesque suscipit est at nisl dapibus, sit amet interdum est accumsan. Quisque convallis risus sit amet blandit eleifend. Vestibulum condimentum metus leo, non semper tortor vestibulum et."
        },
        "img_container" : {
            "image": "pic1.jpg"
        },
		"imagePreloadArry" : ["pic1.jpg"]
    }
}