{
    "pageContent": {
        "heading": "Accordian Template - TI-001",
        "txt_img_direction": "left - right",
        "txt_container": {
            "content" : "Lorem Ipsum is simply dummy text of the printing and typesetting industry. Lorem Ipsum has been the industry's standard dummy text ever since the 1500s, when an unknown printer took a galley of type and scrambled it to make a type specimen book. It has survived not only five centuries, but also the leap into electronic typesetting, remaining essentially unchanged. It was popularised in the 1960s with the release of Letraset sheets containing Lorem Ipsum passages, and more recently with desktop publishing software like Aldus PageMaker including versions of Lorem Ipsum",
            "img": [
				{
				"path" : "right_img_placeholder.png",
                "alt" : "Sample image",
                "zoomImg": true,
                "popupImage": "right_img_placeholder.png"
				}
               
            ],
			"accordian" : [
			  {
				  "heading" : "Requirements",
				  "content" : "Using waterfall methodology, requirements for the whole project are defined at the beginning of the project. These requirements are used to procure resources and set a fixed budget for the full lifecycle of the project, so it is imperative that they be detailed and accurate. Having the complete set of requirements makes planning and scheduling straightforward and simplifies measuring progress."
			  },
			  {
				  "heading" : "Customer/User Involvement",
				  "content" : "In a waterfall project, customers are usually only involved in the early phases of requirements definition and budgeting. The project team executes against the expectations set in the original plan or contract and the client reviews the complete, finished product. If end-users are involved in testing, that only happens when the build is complete and final testing/verification happens."
			  },
			  {
				  "heading" : "Processes",
				  "content" : "This methodology relies on strict processes and strong documentation. The product passes through distinct stages via hand-offs between teams. A hand-off implies a full transfer of responsibility, indicating that one stage is complete and the next should begin. It is critical that team members are clear on their expected deliverables so hand-offs don’t happen before the stage is complete."
			  },
			  {
				  "heading" : "Quality Control",
				  "content" : "In a waterfall project, testing is only done after the entire project is built. This is why detailed documentation of the requirements and design (often called “specs”) is so important. The product is built and evaluated according to the specs with the assumption that, if the design is adhered to faithfully, the product will perform as expected."
			  },
			  {
				  "heading" : "Delivery Expectations",
				  "content" : "Waterfall projects deliver one complete product at the end of the project lifecycle. If enhancements or changes to the original specs are requested by the customer, a new project is launched to design and deliver the next version. "
			  }
		  ]
        },
        "img_container": [
            
        ],
    
		"imagePreloadArry" : ["right_img_placeholder.png"]
    }
}