{
    "pageContent": {
      "heading": "Video Template 1",
      "video_kc_direction": "left - right",
      "video_name": "test.mp4#t=0.2",
      "video_instruction": "Click to play video",
      "question": "Which statements are true of a portfolio of work?",
      "type" : "MC",
      "maxAttempt": 1,
      "choice": [
          {
              "option": "If a project is part of a portfolio of work, it is not tied to the company’s mission.",
              "feedback": "INCORRECT",
              "correct": "false"
          },
          {
              "option": "A portfolio can be thought of as a view of the projects in the context of driving business goals.",
              "feedback": "CORRECT",
              "correct": "true"
          },
          {
              "option": "Projects inside a portfolio are usually subject to a profit-and-loss plan.",
              "feedback": "INCORRECT",
              "correct": "false"
          },
          {
              "option": "Portfolios of work are always managed by the project organization.",
              "feedback": "INCORRECT",
              "correct": "false"
          }
      ],
      "imagePreloadArry" : []
     }
  }