{
    "pageContent": {
        "heading": "PAGE TITLE",
        "txt_img_direction": "left - right",
        "txt_container": {
            "content" : "<p>Lorem ipsum dolor sit amet, consectetur adipiscing elit. Cras in lacus scelerisque, laoreet metus in, viverra risus. Nunc porttitor interdum libero, quis consequat nisl placerat at. Fusce tempor magna vulputate augue rhoncus, eget varius felis commodo.</p><p>Lorem ipsum dolor sit amet, consectetur adipiscing elit. Cras in lacus scelerisque, laoreet metus in, viverra risus. Nunc porttitor interdum libero, quis consequat nisl placerat at. Fusce tempor magna vulputate augue rhoncus, eget varius felis commodo.</p>"
        },
        "img_container" : {
            "image": "pic3.png",
            "image_size": "contain",
            "image_position_x": "left",
            "image_position_y": "center"
        },
		"imagePreloadArry" : ["pic3.png"]
    }
}