{
  "pageContent": {
    "heading": "Formative Assessment - FA-004",
	"question": "Which statements are true of a portfolio of work?",
	"type" : "MC",
	"maxAttempt": 1,
	"choice": [
		{
			"option": "If a project is part of a portfolio of work, it is not tied to the company’s mission.",
			"feedback": "INCORRECT",
			"correct": "false"
		},
		{
			"option": "A portfolio can be thought of as a view of the projects in the context of driving business goals.",
			"feedback": "CORRECT",
			"correct": "true"
		},
		{
			"option": "Projects inside a portfolio are usually subject to a profit-and-loss plan.",
			"feedback": "INCORRECT",
			"correct": "false"
		},
		{
			"option": "Portfolios of work are always managed by the project organization.",
			"feedback": "INCORRECT",
			"correct": "false"
		}
	],
	"imagePreloadArry" : []
   }
}