{
    "pageContent": {
        "box_position": "left",
        "txt_container": {
            "content" : "Fusce tempor magna vulputate augue rhoncus, eget varius felis commodo. Donec venenatis neque eu libero pretium ultricies. Sed eu nisl euismod tortor finibus posuere id ac augue."
        },
        "img_container" : {
            "image": "pic2.jpg",
            "alt_text": "sample image",
            "image_size": "cover",
            "image_position_x": "right",
            "image_position_y": "top"
        },
		"imagePreloadArry" : ["pic2.jpg"]
    }
}