{
    "pageContent": {
        "heading": "Flip Cards - FC-015",
        "content": "<p>Let’s consider an example from an organization, to help clarify the differences and similarities between these constructs. </p><p>The Home and Garden Goods Company sells plants, garden supplies, lawn ornaments, and outdoor furniture in northern New England. </p>",
		"tooltip": "Click the Cards below to learn more.",
		"column" : "4",
		"backContent": "image",
		"flashcardContent" : [
						{
							"imgPath" : "front-1.png",
							"alt" : "S",
							"content": "<p>1.S -- Everyone must have a clear understanding of what \"done\" means.</p>"
						},
						{
							"imgPath" : "front-2.png",
							"alt" : "M",
							"content": "<p>2.M -- Everyone must have a clear understanding of what \"done\" means.</p>"
						},
						{
							"imgPath" : "front-3.png",
							"alt" : "A",
							"content": "<p>3.A -- Everyone must have a clear understanding of what \"done\" means.</p>"
						},
						{
							"imgPath" : "front-4.png",
							"alt" : "Group 1",
							"content": "<p>4.R -- Everyone must have a clear understanding of what \"done\" means.</p>"
						},
						{
							"imgPath" : "front-5.png",
							"alt" : "Group 2",
							"content": "<p>5.T -- Everyone must have a clear understanding of what \"done\" means.</p>"
						},
						{
							"imgPath" : "front-6.png",
							"alt" : "Group 3",
							"content": "<p>6.S -- Everyone must have a clear understanding of what \"done\" means.</p>"
						}
		],
	"imagePreloadArry" : ["image3.png"]
    }
}