

[
    {
        "pageTitle": "Module Overview 1",
        "pages": [ 
            
			{  
                "pageTitle": "Page Title", 
                "templateName": "TextAndImageTemplate",
                "templateJSON": "slide_01",
                "templateType": "General",
                "pageAudio": "slide9",
                "transcript": "<p>Lprem impsum sdas sadfasfd sa</p><p>Lprem impsum sdas sadfasfd sa</p><p>Lprem impsum sdas sadfasfd sa</p><p>Lprem impsum sdas sadfasfd sa</p><p>Lprem impsum sdas sadfasfd sa</p><p>Lprem impsum sdas sadfasfd sa</p><p>Lprem impsum sdas sadfasfd sa</p>"
            },
            {  
                "pageTitle": "Page 2", 
                "templateName": "TextAndImageTemplate",
                "templateJSON": "slide_02",
                "templateType": "General",
                "pageAudio": "slide9",
                "transcript": "<p>Lprem impsum sdas sadfasfd sa</p><p>Lprem impsum sdas sadfasfd sa</p><p>Lprem impsum sdas sadfasfd sa</p><p>Lprem impsum sdas sadfasfd sa</p><p>Lprem impsum sdas sadfasfd sa</p><p>Lprem impsum sdas sadfasfd sa</p><p>Lprem impsum sdas sadfasfd sa</p>"
            },
            {                
                "pageTitle": "Floating Text Background Image", 
                "templateName": "FloatingTextBgImageTemplate",
                "templateJSON": "FloatingTextBgImage",
                "templateType": "General",
                "pageAudio": "slide9",
                "transcript": "<p>Lprem impsum sdas sadfasfd sa</p><p>Lprem impsum sdas sadfasfd sa</p><p>Lprem impsum sdas sadfasfd sa</p><p>Lprem impsum sdas sadfasfd sa</p><p>Lprem impsum sdas sadfasfd sa</p><p>Lprem impsum sdas sadfasfd sa</p><p>Lprem impsum sdas sadfasfd sa</p>"
            },
            {
                "pageTitle": "Knowledge check 01",
                "templateName": "AssessmentTemplate",
                "templateJSON": "slide_04",
				"templateType": "KC"
            },
			{                
                "pageTitle": "Text Background Image", 
                "templateName": "TextBackgroundImageTemplate",
                "templateJSON": "TextBackgroundImage",
                "templateType": "General",
                "pageAudio": "slide9",
                "transcript": "<p>Lprem impsum sdas sadfasfd sa</p><p>Lprem impsum sdas sadfasfd sa</p><p>Lprem impsum sdas sadfasfd sa</p><p>Lprem impsum sdas sadfasfd sa</p><p>Lprem impsum sdas sadfasfd sa</p><p>Lprem impsum sdas sadfasfd sa</p><p>Lprem impsum sdas sadfasfd sa</p>"
            },
            {                
                "pageTitle": "Select And Reveal", 
                "templateName": "SelectAndRevealTemplate",
                "templateJSON": "SelectAndRevealTemplate",
                "templateType": "General",
                "pageAudio": "slide9",
                "transcript": "<p>Lprem impsum sdas sadfasfd sa</p><p>Lprem impsum sdas sadfasfd sa</p><p>Lprem impsum sdas sadfasfd sa</p><p>Lprem impsum sdas sadfasfd sa</p><p>Lprem impsum sdas sadfasfd sa</p><p>Lprem impsum sdas sadfasfd sa</p><p>Lprem impsum sdas sadfasfd sa</p>"
            }
           
			
		]
    }
]