

[
    {
        "pageTitle": "Module Overview 1",
        "pages": [ 
            
			{
                
                "pageTitle": "Text and image 01", 
                "templateName": "TextSingleImageTemplate",
                "templateJSON": "slide_01",
                "templateType": "General",
                "pageAudio": "slide9",
                "transcript": "<p>Lprem impsum sdas sadfasfd sa</p><p>Lprem impsum sdas sadfasfd sa</p><p>Lprem impsum sdas sadfasfd sa</p><p>Lprem impsum sdas sadfasfd sa</p><p>Lprem impsum sdas sadfasfd sa</p><p>Lprem impsum sdas sadfasfd sa</p><p>Lprem impsum sdas sadfasfd sa</p>"
            },
			{
                "pageTitle": "Text and image 02",
                "templateName": "TextSingleImageTemplate",
                "templateJSON": "slide_02",
                "templateType": "General",
                "pageAudio": "slide9",
                "transcript": "<p>Lprem impsum sdas sadfasfd sa</p><p>Lprem impsum sdas sadfasfd sa</p><p>Lprem impsum sdas sadfasfd sa</p>"
            },
            {
                "pageTitle": "Knowledge check 02",
                "templateName": "AssessmentTemplate",
                "templateJSON": "slide_04",
				"templateType": "KC"
            },
            {
                "pageTitle": "Knowledge check 03",
                "templateName": "AssessmentTemplate",
                "templateJSON": "slide_05",
				"templateType": "KC"
            },
            {
                "pageTitle": "Knowledge check 04",
                "templateName": "Fill_In_the_Blanks_Template",
                "templateJSON": "slide_08",
				"templateType": "KC"
            },
            {
                "pageTitle": "Accordian Page 1",
                "templateName": "AccordianTemplate",
                "templateJSON": "slide_06",
                "templateType": "General"
            },
            {
                "pageTitle": "Flash Card 1",
                "templateName": "FlashcardTemplate",
                "templateJSON": "slide_09",
                "templateType": "General"
            },
            {
                "pageTitle": "Tab Page 1",
                "templateName": "TabTemplate",
                "templateJSON": "slide_07",
                "templateType": "General"
            },
            {
                "pageTitle": "Video Template",
                "templateName": "VideoTemplate",
                "templateJSON": "slide_10",
                "templateType": "KC"
            },
            {
                "pageTitle": "Drag and Drop 01",
                "templateName": "DragandDropCombinedTemplate",
                "templateJSON": "DragandDropCombinedTemplate_2",
				"templateType": "KC"
            },
            
			{
                "pageTitle": "Knowledge check 01",
                "templateName": "AssessmentTemplate",
                "templateJSON": "slide_03",
				"templateType": "KC"
            },
            {
                "pageTitle": "Knowledge check 02",
                "templateName": "AssessmentTemplate",
                "templateJSON": "slide_04",
				"templateType": "KC"
            },
            {
                "pageTitle": "Knowledge check 03",
                "templateName": "AssessmentTemplate",
                "templateJSON": "slide_05",
				"templateType": "KC"
            },
            {
                "pageTitle": "Knowledge check 04",
                "templateName": "Fill_In_the_Blanks_Template",
                "templateJSON": "slide_08",
				"templateType": "KC"
            }
			
		]
    }
]