

[
    {
        "pageTitle": "Module Overview 1",
        "duration": "1.5 Minutes",
        "status": "NOT_STARTED",
        "pages": [
            
			{
                
                "pageTitle": "Text and image 01", 
                "templateName": "TextSingleImageTemplate",
                "templateJSON": "slide_01",
                "templateType": "General",
                "pageAudio": "slide9",
                "transcript": "<p>Lprem impsum sdas sadfasfd sa</p><p>Lprem impsum sdas sadfasfd sa</p><p>Lprem impsum sdas sadfasfd sa</p><p>Lprem impsum sdas sadfasfd sa</p><p>Lprem impsum sdas sadfasfd sa</p><p>Lprem impsum sdas sadfasfd sa</p><p>Lprem impsum sdas sadfasfd sa</p>"
            },
			{
                "pageTitle": "Text and image 02",
                "templateName": "TextSingleImageTemplate",
                "templateJSON": "slide_02",
                "templateType": "General",
                "pageAudio": "slide9",
                "transcript": "<p>Lprem impsum sdas sadfasfd sa</p><p>Lprem impsum sdas sadfasfd sa</p><p>Lprem impsum sdas sadfasfd sa</p>"
            },
            {
                "pageTitle": "Text and image 03",
                "templateName": "TextSingleImageTemplate",
                "templateJSON": "slide_02_1",
                "templateType": "General",
                "pageAudio": "",
                "transcript": "<p>Lprem impsum sdas sadfasfd sa</p><p>Lprem impsum sdas sadfasfd sa</p><p>Lprem impsum sdas sadfasfd sa</p>"
            },
            {
                "pageTitle": "Text and image 04",
                "templateName": "TextSingleImageTemplate",
                "templateJSON": "slide_02_2",
                "templateType": "General"
            },
            {
                "pageTitle": "Accordian Page 1",
                "templateName": "AccordianTemplate",
                "templateJSON": "slide_06",
                "templateType": "General"
            },
            {
                "pageTitle": "Flash Card 1",
                "templateName": "FlashcardTemplate",
                "templateJSON": "slide_09",
                "templateType": "General"
            },
            {
                "pageTitle": "Tab Page 1",
                "templateName": "TabTemplate",
                "templateJSON": "slide_07",
                "templateType": "General"
            },
			{
                "pageTitle": "Knowledge check 01",
                "templateName": "AssessmentTemplate",
                "templateJSON": "slide_03",
				"templateType": "KC"
            },
            {
                "pageTitle": "Knowledge check 02",
                "templateName": "AssessmentTemplate",
                "templateJSON": "slide_04",
				"templateType": "KC"
            },
            {
                "pageTitle": "Knowledge check 03",
                "templateName": "AssessmentTemplate",
                "templateJSON": "slide_05",
				"templateType": "KC"
            },
            {
                "pageTitle": "Knowledge check 04",
                "templateName": "Fill_In_the_Blanks_Template",
                "templateJSON": "slide_08",
				"templateType": "KC"
            }
			
		]
    },
    {
        "pageTitle": "Module Overview 2",
        "duration": "1.5 Minutes",
        "status": "NOT_STARTED",
        "pages": [
            
			{
                
                "pageTitle": "Text and image 01", 
                "templateName": "TextSingleImageTemplate",
                "templateJSON": "slide_01",
				"templateType": "General"
            },
			{
                "pageTitle": "Text and image 02",
                "templateName": "TextSingleImageTemplate",
                "templateJSON": "slide_02",
				"templateType": "General"
            },
            {
                "pageTitle": "Text and image 03",
                "templateName": "TextSingleImageTemplate",
                "templateJSON": "slide_02_1",
				"templateType": "General"
            },
			{
                "pageTitle": "Assessment 01",
                "templateName": "AssessmentTemplate",
                "templateJSON": "slide_03",
				"templateType": "Assessment"
            },
            {
                "pageTitle": "Assessment 02",
                "templateName": "AssessmentTemplate",
                "templateJSON": "slide_04",
				"templateType": "Assessment"
            },
            {
                "pageTitle": "Result Page",
                "templateName": "ResultPageTemplate",
                "templateJSON": "result_01",
				"templateType": "General"
            },
            {
                "pageTitle": "Thank You",
                "templateName": "CongratulationTemplate",
                "templateJSON": "F01_slide_26",
				"templateType": "General"
            }
           
			
		]
	}
]